created,updated,dealership_id,region_id,region_name,dealer_name,supported_brands,workshop_name,workshop_type,contact_number,email,address,city,state,pincode,geolocation,days_open,operating_hours,workshop_full_name,total_service_bays,total_technicians,daily_service_capacity,services_offered,facilities_available,manager_name,manager_contact,workshop_status,display_vehicle_count,google_reviews_rating,google_reviews,google_my_business_listing,workshop_reviews,workshop_photos,workshop_rating,region_level_guidelines,region_level_guardrails,supported_brands_guidelines,region_subdivision_id,subdivision_name,languages,subdivision_level_guidelines,subdivision_level_guardrails,workshop_level_guidelines,workshop_level_guardrails,workshop_id
,,,,India,Ambal Auto,Maruti Suzuki Arena,Iyer Hospital Premises,Main Workshop,8220862366,,"Iyer Hospital Premises, Trichy Road, Singanallur, Coimbatore - 641005",Coimbatore,Tamil Nadu,641005,"10.999611, 77.026472","Monday, Tuesday, Wednesday, Thursday, Friday, Saturday","opening_time: 09:00, closing_time: 18:00",,,,,"General Service, Repair, Body Shop, Paint, Tyre Alignment, Wheel Balancing, AC Service, Battery Service, Electrical Work, Detailing, Car Wash, Pickup & Drop, Roadside Assistance",,,,Active,,,,,,,,,,,,,,,,,,
,,,,India,Ambal Auto,Maruti Suzuki Arena,saravanampatti,Main Workshop,9943177775,,"94 ,Sathy Main Road, Viswasapuram, Saravanampatti, Coimbatore - 641035",Coimbatore,Tamil Nadu,641035,"11.084833, 77.007028","Monday, Tuesday, Wednesday, Thursday, Friday, Saturday","opening_time: 09:00, closing_time: 18:00",,,,,"General Service, Repair, Body Shop, Paint, Tyre Alignment, Wheel Balancing, AC Service, Battery Service, Electrical Work, Detailing, Car Wash, Pickup & Drop, Roadside Assistance",,,,Active,,,,,,,,,,,,,,,,,,
,,,,India,Aakriti World,Jeep,Aakriti World,Main Workshop,9592955555,sales@aakritiworld.com,AAKRITI WORLD,Jalandhar,Punjab,144001,"31.2929, 75.6538","Monday, Tuesday, Wednesday, Thursday, Friday, Saturday","opening_time: 09:00, closing_time: 18:00",,,,,,,,,Active,,,,,,,,,,,,,,,,,,
,,,,India,Akshat Jeep,Jeep,Akshat Jeep,Main Workshop,9044154034,servicehead@akshatmotors-jeepindia.com,Akshat Jeep,Varanasi,Uttar Pradesh,221302,"25.2756, 82.8755","Monday, Tuesday, Wednesday, Thursday, Friday, Saturday","opening_time: 09:30, closing_time: 18:30",,,,,,,,,Active,,,,,,,,,,,,,,,,,,
,,,,India,Anand Jeep,Jeep,Anand Jeep - Workshop,Main Workshop,8889622252,crmsales@anandjeep.com,Anand Jeep - Workshop,Bhopal,Madhya Pradesh,462026,"23.14705, 77.480614","Monday, Tuesday, Wednesday, Thursday, Friday, Saturday","opening_time: 09:30, closing_time: 18:30",,,,,,,,,Active,,,,,,,,,,,,,,,,,,
,,,,India,ARAS Jeep,Jeep,ARAS Jeep - Workshop,Main Workshop,8012569006,crmservice.mdu@arasgroup.org,ARAS Jeep - Workshop,Madurai,Tamil Nadu,625221,"10.014203, 78.016683","Monday, Tuesday, Wednesday, Thursday, Friday, Saturday","opening_time: 09:30, closing_time: 18:00",,,,,,,,,Active,,,,,,,,,,,,,,,,,,
,,,,India,ARG Jeep,Jeep,ARG Jeep - Workshop,Main Workshop,9541503458,service@argautomobiles.in,ARG Jeep - Workshop,Srinagar,Jammu & Kashmir,190005,"34.030763, 74.79361","Monday, Tuesday, Wednesday, Thursday, Friday, Saturday","opening_time: 09:00, closing_time: 18:00",,,,,,,,,Active,,,,,,,,,,,,,,,,,,
,,,,India,BANERJEE JEEP,Jeep,BANERJEE JEEP,Main Workshop,8170000401,ayan@banerjeejeep.com,BANERJEE JEEP,Asansol,West Bengal,713339,"23.6721057, 87.0229474","Monday, Tuesday, Wednesday, Thursday, Friday, Saturday","opening_time: 09:30, closing_time: 18:30",,,,,,,,,Active,,,,,,,,,,,,,,,,,,
,,,,India,BANSAL JEEP,Jeep,BANSAL JEEP,Main Workshop,9174407705,md@citroen-bansal.com,BANSAL JEEP,Satna,Madhya Pradesh,485001,"24.57639, 80.7975","Sunday, Monday, Tuesday, Wednesday, Thursday, Friday","opening_time: 10:00, closing_time: 19:00",,,,,,,,,Active,,,,,,,,,,,,,,,,,,
,,,,India,Bhalotia Jeep,Jeep,Bhalotia Jeep,Main Workshop,,admin@bhalotiajeep.in,Bhalotia Jeep,Jamshedpur,Jharkhand,,"22.7945999, 86.1338884","Monday, Tuesday, Wednesday, Thursday, Friday, Saturday","opening_time: 09:30, closing_time: 18:30",,,,,,,,,Active,,,,,,,,,,,,,,,,,,
,,,,India,Bhaskara Jeep,Jeep,Bhaskara Jeep - Workshop,Main Workshop,9925001479,bhaskara.workshop2@bhaskara-fca.com,Bhaskara Jeep - Workshop,Vadodara,Gujarat,391740,"22.3838757, 73.1477525","Monday, Tuesday, Wednesday, Thursday, Friday, Saturday","opening_time: 09:30, closing_time: 18:30",,,,,,,,,Active,,,,,,,,,,,,,,,,,,
,,,,India,Car Planet Jeep,Jeep,Car Planet Jeep - Workshop,Main Workshop,74150 58935,manager.service@carplanet-fca.com,Car Planet Jeep - Workshop,Raipur,Chattisgarh,492001,"21.2341059, 81.5898676","Monday, Tuesday, Wednesday, Thursday, Friday","opening_time: 09:30, closing_time: 18:00",,,,,,,,,Active,,,,,,,,,,,,,,,,,,
,,,,India,Celica Jeep,Jeep,Celica Jeep - Workshop,Main Workshop,7595060001,cxm@celica-fca.com,Celica Jeep - Workshop,Kolkata,West Bengal,700105,"22.537192, 88.400044","Monday, Tuesday, Wednesday, Thursday, Friday, Saturday","opening_time: 09:00, closing_time: 18:00",,,,,,,,,Active,,,,,,,,,,,,,,,,,,
,,,,India,Celica Jeep,Jeep,Celica Jeep - Workshop,Main Workshop,9064074054,cxm@celica-fca.com,Celica Jeep - Workshop,Siliguri,West Bengal,734008,"26.749134, 88.438306","Monday, Tuesday, Wednesday, Thursday, Friday, Saturday","opening_time: 09:30, closing_time: 18:30",,,,,,,,,Active,,,,,,,,,,,,,,,,,,
,,,,India,Concept Jeep,Jeep,Concept Jeep - Workshop,Main Workshop,7573000707,crm-service@conceptjeep.in,Concept Jeep - Workshop,Ahmedabad,Gujarat,382210,"22.95855, 72.47688","Sunday, Monday, Tuesday, Wednesday, Thursday, Friday, Saturday","opening_time: 09:30, closing_time: 18:00",,,,,,,,,Active,,,,,,,,,,,,,,,,,,
,,,,India,CROSSROAD MOTOCOP PVT. LTD. JEEP,Jeep,CROSSROAD MOTOCOP PVT. LTD. JEEP,Main Workshop,9936308878,aditya@citroen-crossroadmotocop.com,CROSSROAD MOTOCOP PVT. LTD. JEEP,Kanpur,Uttar Pradesh,208022,"26.47152154, 80.2407","Monday, Tuesday, Wednesday, Thursday, Friday, Saturday","opening_time: 10:00, closing_time: 19:00",,,,,,,,,Active,,,,,,,,,,,,,,,,,,
,,,,India,Deedi Jeep,Jeep,Deedi Jeep - Workshop,Main Workshop,9995807898,info@deedi-fca.com,Deedi Jeep - Workshop,Trivandrum,Kerala,695029,"8.506869, 76.908281","Monday, Tuesday, Wednesday, Thursday, Friday, Saturday","opening_time: 09:30, closing_time: 18:30",,,,,,,,,Active,,,,,,,,,,,,,,,,,,
,,,,India,EVM JEEP,Jeep,EVM JEEP,Main Workshop,977841104,,EVM JEEP,Thrissur,Kerala,680306,"10.28476, 76.15291","Sunday, Monday, Tuesday, Wednesday, Thursday, Friday, Saturday","opening_time: 09:30, closing_time: 18:00",,,,,,,,,Active,,,,,,,,,,,,,,,,,,
,,,,India,EVM JEEP,Jeep,EVM JEEP,Main Workshop,9778923742,servicemanager.ktm@evmjeep.com,EVM JEEP,Kottayam,Kerala,686013,"9.555423352, 76.51393928","Monday, Tuesday, Wednesday, Thursday, Friday, Saturday","opening_time: 09:00, closing_time: 18:00",,,,,,,,,Active,,,,,,,,,,,,,,,,,,
,,,,India,HARMEET NEXTGEN PRIVATE LIMITED,Jeep,HARMEET NEXTGEN PRIVATE LIMITED,Main Workshop,7665012391,salesharmeetnextgen@gmail.com,HARMEET NEXTGEN PRIVATE LIMITED,Kota,Rajasthan,324005,"25.133806, 75.865189","Monday, Tuesday, Wednesday, Thursday, Friday, Saturday","opening_time: 09:00, closing_time: 18:00",,,,,,,,,Active,,,,,,,,,,,,,,,,,,
,,,,India,Jaika Jeep,Jeep,Jaika Jeep - Workshop,Main Workshop,8766758223,customercare@jaikacars.com,Jaika Jeep - Workshop,Nagpur,Maharashtra,440026,"21.186359, 79.131016","Monday, Tuesday, Wednesday, Thursday, Friday, Saturday","opening_time: 09:00, closing_time: 18:00",,,,,,,,,Active,,,,,,,,,,,,,,,,,,
,,,,India,Jayaraj Jeep,Jeep,Jayaraj Jeep - Workshop,Main Workshop,9244222728,customercare.try@jayaraj-fca.com,Jayaraj Jeep - Workshop,Trichy,Tamil Nadu,620012,"10.7441, 78.642055","Monday, Tuesday, Wednesday, Thursday, Friday, Saturday","opening_time: 09:00, closing_time: 18:00",,,,,,,,,Active,,,,,,,,,,,,,,,,,,
,,,,India,K P Jeep,Jeep,K P Jeep - Workshop,Main Workshop,7781017909,crm@kpautomobiles-fca.com,K P Jeep - Workshop,Ranchi,Jharkhand,834001,"23.373814, 85.351729","Monday, Tuesday, Wednesday, Thursday, Friday, Saturday","opening_time: 09:00, closing_time: 18:00",,,,,,,,,Active,,,,,,,,,,,,,,,,,,
,,,,India,Kalyan Jeep,Jeep,Kalyan Jeep - Workshop,Main Workshop,8476960007,kalyanjeep@kalyangroup.com,Kalyan Jeep - Workshop,Agra,Uttar Pradesh,282007,"27.220777, 77.930339","Monday, Tuesday, Wednesday, Thursday, Friday, Saturday","opening_time: 09:00, closing_time: 18:30",,,,,,,,,Active,,,,,,,,,,,,,,,,,,
,,,,India,Karan Ashok Jeep,Jeep,Karan Ashok Jeep,Main Workshop,9045454640,service@karanshok-fca.com,Karan Ashok Jeep,Haldwani,Uttarakhand,263139,"29.16533, 79.521415","Sunday, Monday, Tuesday, Wednesday, Thursday, Friday, Saturday","opening_time: 09:30, closing_time: 18:30",,,,,,,,,Active,,,,,,,,,,,,,,,,,,
,,,,India,KHT Prime Jeep,Jeep,KHT Prime Jeep - Workshop,Main Workshop,8494909333,crmservice@khtprime.com,KHT Prime Jeep - Workshop,Bengaluru,Karnataka,560022,"13.024883, 77.54662","Monday, Tuesday, Wednesday, Thursday, Friday, Saturday","opening_time: 09:00, closing_time: 18:00",,,,,,,,,Active,,,,,,,,,,,,,,,,,,
,,,,India,KHT Prime Jeep,Jeep,KHT Prime Jeep - Workshop,Main Workshop,9035002276,crmservice2@khtprime.com,KHT Prime Jeep - Workshop,Bengaluru,Karnataka,560036,"12.998, 77.7018","Monday, Tuesday, Wednesday, Thursday, Friday, Saturday","opening_time: 09:30, closing_time: 18:30",,,,,,,,,Active,,,,,,,,,,,,,,,,,,
,,,,India,Krishna Jeep,Jeep,Krishna Jeep - Workshop,Main Workshop,7722067366,servicemanager@krishnaauto-fca.com,Krishna Jeep - Workshop,Satara,Maharashtra,415011,"17.721807, 74.024144","Monday, Tuesday, Wednesday, Thursday, Friday, Saturday","opening_time: 09:30, closing_time: 18:00",,,,,,,,,Active,,,,,,,,,,,,,,,,,,
,,,,India,KVR Jeep,Jeep,KVR Jeep - Workshop,Main Workshop,8943999925,servicemgr.clt@kvr-fca.com,KVR Jeep - Workshop,Calicut,Kerala,673005,"11.281164, 75.77052","Sunday, Monday, Tuesday, Wednesday, Thursday, Friday, Saturday","opening_time: 09:30, closing_time: 18:30",,,,,,,,,Active,,,,,,,,,,,,,,,,,,
,,,,India,Landmark Jeep,Jeep,Landmark Jeep - Workshop,Main Workshop,9016238864,crm.westdelhi@landmarkjeep.in,Landmark Jeep - Workshop,Thane,Maharashtra,400607,"19.2801129, 72.9239518","Sunday, Monday, Tuesday, Wednesday, Thursday, Friday","opening_time: 09:30, closing_time: 18:00",,,,,,,,,Active,,,,,,,,,,,,,,,,,,
,,,,India,Landmark Jeep,Jeep,Landmark Jeep - Workshop,Main Workshop,9510995000,gmsalespunjab@landmarkjeep.in,Landmark Jeep - Workshop,New Delhi,Delhi,110020,"28.526012, 77.2778","Sunday, Monday, Tuesday, Wednesday, Thursday, Friday, Saturday","opening_time: 10:00, closing_time: 19:00",,,,,,,,,Active,,,,,,,,,,,,,,,,,,
,,,,India,Landmark Jeep,Jeep,Landmark Jeep - Workshop,Main Workshop,9510995000,saleshead.ldh@landmarkjeep.in,Landmark Jeep - Workshop,New Delhi,Delhi,110064,"28.628658, 77.106354","Sunday, Monday, Tuesday, Wednesday, Thursday, Friday, Saturday","opening_time: 10:00, closing_time: 19:00",,,,,,,,,Active,,,,,,,,,,,,,,,,,,
,,,,India,Landmark Jeep,Jeep,Landmark Jeep - Workshop,Main Workshop,6353397931,feedback@landmarkjeep.in,Landmark Jeep - Workshop,Navi Mumbai,Maharashtra,400705,"19.063909, 73.028899","Sunday, Monday, Tuesday, Wednesday, Thursday, Friday, Saturday","opening_time: 10:00, closing_time: 19:00",,,,,,,,,Active,,,,,,,,,,,,,,,,,,
,,,,India,Landmark Jeep,Jeep,Landmark Jeep - Workshop,Main Workshop,9016507355,crm.mum@landmarkjeep.in,Landmark Jeep - Workshop,Mumbai,Maharashtra,400069,"19.126364, 72.85431","Sunday, Monday, Tuesday, Wednesday, Thursday, Friday, Saturday","opening_time: 09:30, closing_time: 18:30",,,,,,,,,Active,,,,,,,,,,,,,,,,,,
,,,,India,Landmark Jeep,Jeep,Landmark Jeep - Workshop,Main Workshop,9510995000,gmsales.wd@landmarkjeep.in,Landmark Jeep - Workshop,Gurugram,Haryana,122001,"28.433002, 77.0081366","Sunday, Monday, Tuesday, Wednesday, Thursday, Friday, Saturday","opening_time: 10:00, closing_time: 19:00",,,,,,,,,Active,,,,,,,,,,,,,,,,,,
,,,,India,Legend Jeep,Jeep,Legend Jeep - Workshop,Main Workshop,7311191156,kirti.singh@legend-fca.com,Legend Jeep - Workshop,Lucknow,Uttar Pradesh,226001,"26.874364, 80.995269","Monday, Tuesday, Wednesday, Thursday, Friday, Saturday","opening_time: 09:00, closing_time: 18:00",,,,,,,,,Active,,,,,,,,,,,,,,,,,,
,,,,India,Lotus Jeep,Jeep,Lotus Jeep,Main Workshop,9133391818,servicetpt.jeep@lotusgroup.ltd,Lotus Jeep,Tirupati,Andhra Pradesh,517501,"13.6370938, 79.413524","Sunday, Monday, Tuesday, Wednesday, Thursday, Friday, Saturday","opening_time: 10:00, closing_time: 20:00",,,,,,,,,Active,,,,,,,,,,,,,,,,,,
,,,,India,LSC Jeep,Jeep,LSC Jeep - Workshop,Main Workshop,8395874819,gmservice@lsc-fca.com,LSC Jeep - Workshop,Dehradun,Uttarakhand,248002,"30.270575, 77.986442","Monday, Tuesday, Wednesday, Thursday, Friday, Saturday","opening_time: 09:30, closing_time: 18:30",,,,,,,,,Active,,,,,,,,,,,,,,,,,,
,,,,India,MAGNUS JEEP,Jeep,MAGNUS JEEP,Main Workshop,9733707070,saleshead@magnusmotors.co.in,MAGNUS JEEP,Ahmedabad,Gujarat,380060,"23.078950,72.515230","Monday, Tuesday, Wednesday, Thursday, Friday, Saturday","opening_time: 09:30, closing_time: 18:30",,,,,,,,,Active,,,,,,,,,,,,,,,,,,
,,,,India,Mahesh Jeep,Jeep,Mahesh Jeep - Workshop,Main Workshop,8471922555,service@mahesh-fca.com,Mahesh Jeep - Workshop,Guwahati,Assam,781028,"26.1114596, 91.7696094","Monday, Tuesday, Wednesday, Thursday, Friday, Saturday","opening_time: 09:00, closing_time: 18:00",,,,,,,,,Active,,,,,,,,,,,,,,,,,,
,,,,India,Moharir Jeep,Jeep,Moharir Jeep - Workshop,Main Workshop,8446002557,moharirjeepservices@yahoo.com,Moharir Jeep - Workshop,Nashik,Maharashtra,422007,"20.0049957, 73.7386824","Monday, Tuesday, Wednesday, Thursday, Friday, Saturday","opening_time: 09:30, closing_time: 18:30",,,,,,,,,Active,,,,,,,,,,,,,,,,,,
,,,,India,Nanavati Eurocars Pvt Ltd,Jeep,Nanavati Eurocars Pvt Ltd,Main Workshop,7567563550,sales@nanavati-fca.com,Nanavati Eurocars Pvt Ltd,Surat,Gujarat,394270,"21.171195, 72.738235","Sunday, Monday, Tuesday, Wednesday, Thursday, Friday, Saturday","opening_time: 09:30, closing_time: 19:00",,,,,,,,,Active,,,,,,,,,,,,,,,,,,
,,,,India,Orange Jeep,Jeep,Orange Jeep - Workshop,Main Workshop,8886642042,crm.vizag@orangeauto.in,Orange Jeep - Workshop,Visakhapatnam,Andhra Pradesh,530007,"17.7420801, 83.2423318","Monday, Tuesday, Wednesday, Thursday, Friday, Saturday","opening_time: 09:00, closing_time: 18:00",,,,,,,,,Active,,,,,,,,,,,,,,,,,,
,,,,India,Pinnacle Jeep,Jeep,Pinnacle Jeep - Workshop,Main Workshop,7559997766,info@pinnaclejeep.com,Pinnacle Jeep - Workshop,Cochin,Kerala,682030,"10.075625, 76.336204","Monday, Tuesday, Wednesday, Thursday, Friday, Saturday","opening_time: 09:30, closing_time: 18:30",,,,,,,,,Active,,,,,,,,,,,,,,,,,,
,,,,India,Pratap Jeep,Jeep,Pratap Jeep - Workshop,Main Workshop,9251640877,wm@pratap-fca.com,Pratap Jeep - Workshop,Jaipur,Rajasthan,302022,"26.870619, 75.848077","Wednesday, Thursday, Friday, Saturday, Sunday, Monday","opening_time: 09:30, closing_time: 18:30",,,,,,,,,Active,,,,,,,,,,,,,,,,,,
,,,,India,Pride Jeep,Jeep,Pride Jeep - Workshop,Main Workshop,7995655505,service@pridefca.com,Pride Jeep - Workshop,Hyderabad,Telangana,500035,"17.50936, 78.362298","Monday, Tuesday, Wednesday, Thursday, Friday, Saturday","opening_time: 09:00, closing_time: 18:00",,,,,,,,,Active,,,,,,,,,,,,,,,,,,
,,,,India,Pride Jeep,Jeep,Pride Jeep - Workshop,Main Workshop,8185900900,service@pridefca.com,Pride Jeep - Workshop,Hyderabad,Telangana,500049,"17.50936, 78.362298","Sunday, Monday, Tuesday, Wednesday, Thursday, Friday, Saturday","opening_time: 09:30, closing_time: 18:30",,,,,,,,,Active,,,,,,,,,,,,,,,,,,
,,,,India,Pride Jeep,Jeep,Pride Jeep - Workshop,Main Workshop,8185900900,service@pridefca.com,Pride Jeep - Workshop,Warangal,Telangana,506001,"17.98386, 79.575836","Sunday, Monday, Tuesday, Wednesday, Thursday, Friday, Saturday","opening_time: 09:30, closing_time: 19:00",,,,,,,,,Active,,,,,,,,,,,,,,,,,,
,,,,India,Rajarshi Jeep,Jeep,Rajarshi Jeep - Workshop,Main Workshop,9228098000,crmservice@pride-fca.com,Rajarshi Jeep - Workshop,Rajkot,Gujarat,360004,"22.22671, 70.80183","Sunday, Monday, Tuesday, Wednesday, Thursday, Friday, Saturday","opening_time: 09:30, closing_time: 19:00",,,,,,,,,Active,,,,,,,,,,,,,,,,,,
,,,,India,RN CAR CAFE PVT LTD,Jeep,RN CAR CAFE PVT LTD,Main Workshop,7217090408,servicemgr.meerut@citroen-rncars.com,RN CAR CAFE PVT LTD,Meerut,Uttar Pradesh,250103,"28.91675439, 77.64698407","Monday, Tuesday, Wednesday, Thursday, Friday, Saturday","opening_time: 09:30, closing_time: 18:30",,,,,,,,,Active,,,,,,,,,,,,,,,,,,
,,,,India,Royal Jeep,Jeep,Royal Jeep,Main Workshop,7880171607,GMSERVICE@ROYALJEEP.IN,Royal Jeep,Gwalior,Madhya Pradesh,474001,"26.1624492, 78.1609529","Monday, Tuesday, Wednesday, Thursday, Friday, Saturday","opening_time: 09:30, closing_time: 19:00",,,,,,,,,Active,,,,,,,,,,,,,,,,,,
,,,,India,Sahil Jeep,Jeep,Sahil Jeep - Workshop,Main Workshop,7082696060,service@sahil-fca.com,Sahil Jeep - Workshop,Karnal,Haryana,132001,"29.644962, 76.982502","Sunday, Monday, Tuesday, Wednesday, Thursday, Friday, Saturday","opening_time: 09:00, closing_time: 18:00",,,,,,,,,Active,,,,,,,,,,,,,,,,,,
,,,,India,Sahil Jeep,Jeep,Sahil Jeep - Workshop,Main Workshop,8222857565,service@sahil-fca.com,Sahil Jeep - Workshop,Sonipat,Haryana,131001,"28.974853, 77.018198","Monday, Tuesday, Wednesday, Thursday, Friday, Saturday","opening_time: 09:00, closing_time: 18:00",,,,,,,,,Active,,,,,,,,,,,,,,,,,,
,,,,India,Satguru Jeep,Jeep,Satguru Jeep - Workshop,Main Workshop,9109155113,crm.service@satguru-fca.com,Satguru Jeep - Workshop,Indore,Madhya Pradesh,452010,"22.785747, 75.905692","Monday, Tuesday, Wednesday, Thursday, Friday, Saturday","opening_time: 09:00, closing_time: 18:00",,,,,,,,,Active,,,,,,,,,,,,,,,,,,
,,,,India,SGA Premium Cars India Pvt. Ltd,Jeep,SGA Premium Cars India Pvt. Ltd,Main Workshop,8608144055,crm-service@sgajeep.in,SGA Premium Cars India Pvt. Ltd,Coimbatore,Tamil Nadu,641004,"11.02763, 77.01415","Monday, Tuesday, Wednesday, Thursday, Friday, Saturday","opening_time: 09:00, closing_time: 18:00",,,,,,,,,Active,,,,,,,,,,,,,,,,,,
,,,,India,Shree Sai Jeep,Jeep,Shree Sai Jeep,Main Workshop,9425301180,crm.service@jeep-shreesai.in,Shree Sai Jeep,Jabalpur,Madhya Pradesh,482004,"23.228772, 79.903528","Sunday, Monday, Tuesday, Wednesday, Thursday, Friday, Saturday","opening_time: 09:30, closing_time: 19:00",,,,,,,,,Active,,,,,,,,,,,,,,,,,,
,,,,India,Sky Moto Jeep,Jeep,Sky Moto Jeep - Workshop,Main Workshop,8380044495,"crmjeep@skymoto-fca.com, gmservice@skymoto-fca.com",Sky Moto Jeep - Workshop,Pune,Maharashtra,411035,"18.6494726, 73.7822349","Monday, Tuesday, Wednesday, Thursday, Friday, Saturday","opening_time: 09:30, closing_time: 18:30",,,,,,,,,Active,,,,,,,,,,,,,,,,,,
,,,,India,Somaha Autos Pvt Ltd,Jeep,Somaha Autos Pvt Ltd,Main Workshop,9877790531,gmsales@jeep-somahaautos.in,Somaha Autos Pvt Ltd,Ludhiana,Punjab,141014,"30.872832, 75.909772","Sunday, Monday, Tuesday, Wednesday, Thursday, Friday, Saturday","opening_time: 09:30, closing_time: 18:30",,,,,,,,,Active,,,,,,,,,,,,,,,,,,
,,,,India,TANISHQ JEEP,Jeep,TANISHQ JEEP,Main Workshop,8669209091,,TANISHQ JEEP,Chhatrapati Sambhaji Nagar (Aurangabad),Maharashtra,431006,"19.8748277, 75.3790235","Monday, Tuesday, Wednesday, Thursday, Friday, Saturday","opening_time: 09:00, closing_time: 18:00",,,,,,,,,Active,,,,,,,,,,,,,,,,,,
,,,,India,Tapan Jeep,Jeep,Tapan Jeep,Main Workshop,8352000572,servicemandi@tapanjeep.in,Tapan Jeep,Mandi,Himachal Pradesh,175021,"31.653223, 76.945842","Sunday, Monday, Tuesday, Wednesday, Thursday, Friday, Saturday","opening_time: 09:30, closing_time: 19:00",,,,,,,,,Active,,,,,,,,,,,,,,,,,,
,,,,India,Tapan Jeep,Jeep,Tapan Jeep - Workshop,Main Workshop,8352000572,fcaservicecrmsolan@tapan.industries.com,Tapan Jeep - Workshop,Solan,Himachal Pradesh,173211,"30.887766, 77.088063","Sunday, Monday, Tuesday, Wednesday, Thursday, Friday, Saturday","opening_time: 09:00, closing_time: 19:00",,,,,,,,,Active,,,,,,,,,,,,,,,,,,
,,,,India,True Sai Jeep,Jeep,True Sai Jeep - Workshop,Main Workshop,9003477744,servicemanager@truesaimotorss.com,True Sai Jeep - Workshop,Salem,Tamil Nadu,636007,"11.669943, 78.162055","Monday, Tuesday, Wednesday, Thursday, Friday, Saturday","opening_time: 09:30, closing_time: 18:30",,,,,,,,,Active,,,,,,,,,,,,,,,,,,
,,,,India,Turbo Jeep,Jeep,Turbo Jeep - Workshop,Main Workshop,9298605555,servicemanager-vja@turbofca.com,Turbo Jeep - Workshop,Vijayawada,Andhra Pradesh,521108,"16.514857, 80.704879","Monday, Tuesday, Wednesday, Thursday, Friday, Saturday","opening_time: 09:00, closing_time: 18:00",,,,,,,,,Active,,,,,,,,,,,,,,,,,,
,,,,India,Utsav Cars Pvt Ltd,Jeep,Utsav Cars Pvt Ltd - Workshop,Main Workshop,2912959877,servicemanager@utsav-jeep.com,Utsav Cars Pvt Ltd - Workshop,Jodhpur,Rajasthan,342003,"26.2617266, 72.9973482","Monday, Tuesday, Wednesday, Thursday, Friday, Saturday","opening_time: 09:00, closing_time: 18:00",,,,,,,,,Active,,,,,,,,,,,,,,,,,,
,,,,India,VAA AUTO GARAGES PRIVATE LIMITED,Jeep,VAA AUTO GARAGES PRIVATE LIMITED,Main Workshop,9541918382,service.manager@vaaauto-fca.com,VAA AUTO GARAGES PRIVATE LIMITED,Jammu,Jammu & Kashmir,180011,"32.6689502, 74.8751435","Monday, Tuesday, Wednesday, Thursday, Friday, Saturday","opening_time: 09:30, closing_time: 18:30",,,,,,,,,Active,,,,,,,,,,,,,,,,,,
,,,,India,VTK Jeep,Jeep,VTK Jeep - Workshop,Main Workshop,9384005530,crhead@vtk-fca.com,VTK Jeep - Workshop,Chennai,Tamil Nadu,600056,"13.042744, 80.119155","Sunday, Monday, Tuesday, Wednesday, Thursday, Friday, Saturday","opening_time: 09:30, closing_time: 18:30",,,,,,,,,Active,,,,,,,,,,,,,,,,,,
,,,,India,VTK Jeep,Jeep,VTK Jeep - Workshop,Main Workshop,9384005543,vijayan@vtk-fca.com,VTK Jeep - Workshop,Chennai,Tamil Nadu,600119,"12.906055, 80.228011","Monday, Tuesday, Wednesday, Thursday, Friday, Saturday","opening_time: 09:00, closing_time: 18:00",,,,,,,,,Active,,,,,,,,,,,,,,,,,,
,,,,India,WSL Jeep,Jeep,WSL Jeep - Workshop,Main Workshop,7574041111,servicemanager@wslauto.in,WSL Jeep - Workshop,Chandigarh,Chandigarh,160002,"30.708428, 76.803162","Monday, Tuesday, Wednesday, Thursday, Friday, Saturday","opening_time: 10:00, closing_time: 19:00",,,,,,,,,Active,,,,,,,,,,,,,,,,,,
,,,,India,WSL Jeep,Jeep,WSL Jeep - Workshop,Main Workshop,8437005555,servicemanager@wslauto.in,WSL Jeep - Workshop,Mohali,Punjab,160055,"30.717142, 76.701932","Monday, Tuesday, Wednesday, Thursday, Friday, Saturday","opening_time: 09:30, closing_time: 19:30",,,,,,,,,Active,,,,,,,,,,,,,,,,,,
